"extract_date","date","mod_zcta","total_ed_visits","ili_pne_visits","ili_pne_admissions"
"2022-02-22T00:00:00.000","2021-12-06T00:00:00.000","10454","103","7","1"
"2022-02-22T00:00:00.000","2021-01-20T00:00:00.000","11434","59","5","2"
"2022-02-22T00:00:00.000","2021-02-15T00:00:00.000","11233","98","5","1"
"2022-02-22T00:00:00.000","2020-08-05T00:00:00.000","11417","18","0","0"
"2022-02-22T00:00:00.000","2021-03-24T00:00:00.000","10037","43","1","0"
"2022-02-22T00:00:00.000","2020-06-13T00:00:00.000","11427","10","0","0"
"2022-02-22T00:00:00.000","2022-01-03T00:00:00.000","10282","3","0","0"
"2022-02-22T00:00:00.000","2020-04-16T00:00:00.000","11417","13","4","4"
"2022-02-22T00:00:00.000","2021-02-10T00:00:00.000","10018","9","0","0"
"2022-02-22T00:00:00.000","2021-06-10T00:00:00.000","11362","4","0","0"
"2022-02-22T00:00:00.000","2021-09-30T00:00:00.000","11360","2","0","0"
"2022-02-22T00:00:00.000","2021-05-18T00:00:00.000","10468","114","2","0"
"2022-02-22T00:00:00.000","2020-04-26T00:00:00.000","10012","4","1","0"
"2022-02-22T00:00:00.000","2020-12-24T00:00:00.000","11233","107","7","0"
"2022-02-22T00:00:00.000","2021-12-14T00:00:00.000","11422","24","2","0"
"2022-02-22T00:00:00.000","2021-09-25T00:00:00.000","10039","33","3","1"
"2022-02-22T00:00:00.000","2021-05-23T00:00:00.000","11208","114","3","2"
"2022-02-22T00:00:00.000","2020-07-22T00:00:00.000","11413","23","0","0"
"2022-02-22T00:00:00.000","2020-03-08T00:00:00.000","11366","7","1","0"
"2022-02-22T00:00:00.000","2020-09-23T00:00:00.000","10021","18","1","1"
"2022-02-22T00:00:00.000","2020-03-30T00:00:00.000","10307","8","4","2"
"2022-02-22T00:00:00.000","2020-09-28T00:00:00.000","10030","53","1","0"
"2022-02-22T00:00:00.000","2022-02-15T00:00:00.000","11225","62","3","2"
"2022-02-22T00:00:00.000","2021-11-09T00:00:00.000","11433","39","2","0"
"2022-02-22T00:00:00.000","2020-06-23T00:00:00.000","11420","35","1","1"
"2022-02-22T00:00:00.000","2021-11-23T00:00:00.000","11366","11","1","1"
"2022-02-22T00:00:00.000","2020-11-29T00:00:00.000","11369","40","2","1"
"2022-02-22T00:00:00.000","2020-07-26T00:00:00.000","11434","52","3","1"
"2022-02-22T00:00:00.000","2021-01-03T00:00:00.000","11237","46","3","0"
"2022-02-22T00:00:00.000","2021-05-14T00:00:00.000","11364","10","0","0"
"2022-02-22T00:00:00.000","2020-03-20T00:00:00.000","11361","6","1","1"
"2022-02-22T00:00:00.000","2020-03-08T00:00:00.000","11208","145","16","1"
"2022-02-22T00:00:00.000","2020-12-21T00:00:00.000","10302","27","7","3"
"2022-02-22T00:00:00.000","2020-03-14T00:00:00.000","10037","38","3","0"
"2022-02-22T00:00:00.000","2020-12-01T00:00:00.000","10464","4","0","0"
"2022-02-22T00:00:00.000","2020-03-28T00:00:00.000","10001","36","3","0"
"2022-02-22T00:00:00.000","2021-03-17T00:00:00.000","10303","53","3","1"
"2022-02-22T00:00:00.000","2020-11-05T00:00:00.000","10030","51","1","1"
"2022-02-22T00:00:00.000","2021-03-18T00:00:00.000","11385","78","12","5"
"2022-02-22T00:00:00.000","2020-08-07T00:00:00.000","11354","34","2","2"
"2022-02-22T00:00:00.000","2021-07-09T00:00:00.000","11218","60","5","3"
"2022-02-22T00:00:00.000","2020-10-30T00:00:00.000","10459","76","3","1"
"2022-02-22T00:00:00.000","2021-05-21T00:00:00.000","10314","77","1","1"
"2022-02-22T00:00:00.000","2021-09-06T00:00:00.000","11103","45","3","0"
"2022-02-22T00:00:00.000","2020-08-31T00:00:00.000","10457","179","3","1"
"2022-02-22T00:00:00.000","2021-05-23T00:00:00.000","11417","21","0","0"
"2022-02-22T00:00:00.000","2022-01-02T00:00:00.000","10019","75","5","2"
"2022-02-22T00:00:00.000","2021-02-26T00:00:00.000","10457","203","14","2"
"2022-02-22T00:00:00.000","2020-08-02T00:00:00.000","11215","28","1","0"
"2022-02-22T00:00:00.000","2021-08-17T00:00:00.000","11235","91","6","1"
"2022-02-22T00:00:00.000","2021-08-06T00:00:00.000","10030","52","3","0"
"2022-02-22T00:00:00.000","2021-07-03T00:00:00.000","10014","8","0","0"
"2022-02-22T00:00:00.000","2021-11-12T00:00:00.000","10460","106","3","0"
"2022-02-22T00:00:00.000","2021-04-22T00:00:00.000","11101","37","1","0"
"2022-02-22T00:00:00.000","2020-04-22T00:00:00.000","10030","24","5","4"
"2022-02-22T00:00:00.000","2021-07-29T00:00:00.000","10452","131","12","1"
"2022-02-22T00:00:00.000","2021-11-02T00:00:00.000","11216","54","3","0"
"2022-02-22T00:00:00.000","2021-06-10T00:00:00.000","11379","19","0","0"
"2022-02-22T00:00:00.000","2020-12-30T00:00:00.000","11203","109","9","2"
"2022-02-22T00:00:00.000","2020-09-10T00:00:00.000","10458","131","4","1"
"2022-02-22T00:00:00.000","2021-05-12T00:00:00.000","11432","75","7","0"
"2022-02-22T00:00:00.000","2021-08-22T00:00:00.000","11691","100","7","2"
"2022-02-22T00:00:00.000","2020-04-22T00:00:00.000","11232","9","3","2"
"2022-02-22T00:00:00.000","2021-01-27T00:00:00.000","10474","16","1","1"
"2022-02-22T00:00:00.000","2020-10-12T00:00:00.000","11426","3","0","0"
"2022-02-22T00:00:00.000","2020-11-22T00:00:00.000","10456","118","3","3"
"2022-02-22T00:00:00.000","2021-06-26T00:00:00.000","10461","59","3","0"
"2022-02-22T00:00:00.000","2020-12-12T00:00:00.000","10010","16","0","0"
"2022-02-22T00:00:00.000","2020-04-15T00:00:00.000","10305","19","1","1"
"2022-02-22T00:00:00.000","2021-11-09T00:00:00.000","10455","99","3","1"
"2022-02-22T00:00:00.000","2021-09-12T00:00:00.000","11433","51","1","0"
"2022-02-22T00:00:00.000","2020-06-12T00:00:00.000","11220","52","4","2"
"2022-02-22T00:00:00.000","2020-04-12T00:00:00.000","10451","51","13","8"
"2022-02-22T00:00:00.000","2021-06-28T00:00:00.000","10466","122","8","2"
"2022-02-22T00:00:00.000","2021-03-07T00:00:00.000","10309","23","3","1"
"2022-02-22T00:00:00.000","2020-06-26T00:00:00.000","10014","9","1","0"
"2022-02-22T00:00:00.000","2021-08-28T00:00:00.000","11368","134","14","1"
"2022-02-22T00:00:00.000","2020-09-29T00:00:00.000","11426","8","0","0"
"2022-02-22T00:00:00.000","2021-06-30T00:00:00.000","10017","17","1","1"
"2022-02-22T00:00:00.000","2021-07-16T00:00:00.000","10466","100","6","1"
"2022-02-22T00:00:00.000","2021-09-11T00:00:00.000","11434","83","7","1"
"2022-02-22T00:00:00.000","2020-12-02T00:00:00.000","11427","18","2","1"
"2022-02-22T00:00:00.000","2021-07-07T00:00:00.000","10033","42","2","0"
"2022-02-22T00:00:00.000","2021-01-19T00:00:00.000","10005","6","0","0"
"2022-02-22T00:00:00.000","2021-07-09T00:00:00.000","11368","167","12","1"
"2022-02-22T00:00:00.000","2020-03-30T00:00:00.000","11225","53","18","11"
"2022-02-22T00:00:00.000","2020-10-15T00:00:00.000","11004","21","1","0"
"2022-02-22T00:00:00.000","2020-06-05T00:00:00.000","10471","8","1","0"
"2022-02-22T00:00:00.000","2021-12-27T00:00:00.000","11203","224","47","5"
"2022-02-22T00:00:00.000","2020-03-11T00:00:00.000","11414","15","0","0"
"2022-02-22T00:00:00.000","2021-10-02T00:00:00.000","10009","54","2","0"
"2022-02-22T00:00:00.000","2021-02-16T00:00:00.000","11414","16","2","2"
"2022-02-22T00:00:00.000","2020-06-24T00:00:00.000","11212","134","4","3"
"2022-02-22T00:00:00.000","2020-04-07T00:00:00.000","10466","63","19","10"
"2022-02-22T00:00:00.000","2020-03-02T00:00:00.000","10303","48","3","1"
"2022-02-22T00:00:00.000","2021-01-28T00:00:00.000","11229","70","9","4"
"2022-02-22T00:00:00.000","2021-12-31T00:00:00.000","11221","112","28","4"
"2022-02-22T00:00:00.000","2021-11-30T00:00:00.000","11221","121","10","1"
"2022-02-22T00:00:00.000","2021-10-14T00:00:00.000","11692","42","4","0"
"2022-02-22T00:00:00.000","2021-03-29T00:00:00.000","11365","30","5","3"
"2022-02-22T00:00:00.000","2020-06-26T00:00:00.000","11413","15","0","0"
"2022-02-22T00:00:00.000","2021-12-30T00:00:00.000","11361","13","5","0"
"2022-02-22T00:00:00.000","2021-03-20T00:00:00.000","10306","46","2","1"
"2022-02-22T00:00:00.000","2021-01-28T00:00:00.000","11693","12","0","0"
"2022-02-22T00:00:00.000","2020-03-01T00:00:00.000","10470","17","1","0"
"2022-02-22T00:00:00.000","2020-05-04T00:00:00.000","10009","41","2","1"
"2022-02-22T00:00:00.000","2020-06-28T00:00:00.000","10458","82","3","1"
"2022-02-22T00:00:00.000","2021-11-29T00:00:00.000","11212","169","12","3"
"2022-02-22T00:00:00.000","2020-05-12T00:00:00.000","11208","77","5","3"
"2022-02-22T00:00:00.000","2021-05-05T00:00:00.000","10040","32","0","0"
"2022-02-22T00:00:00.000","2021-12-23T00:00:00.000","11420","41","10","3"
"2022-02-22T00:00:00.000","2021-06-26T00:00:00.000","11356","18","1","0"
"2022-02-22T00:00:00.000","2020-04-01T00:00:00.000","10474","21","6","1"
"2022-02-22T00:00:00.000","2020-06-02T00:00:00.000","10301","41","3","2"
"2022-02-22T00:00:00.000","2020-11-14T00:00:00.000","11694","9","1","1"
"2022-02-22T00:00:00.000","2021-07-29T00:00:00.000","10461","87","4","1"
"2022-02-22T00:00:00.000","2020-09-19T00:00:00.000","11109","1","0","0"
"2022-02-22T00:00:00.000","2021-09-12T00:00:00.000","10029","150","5","1"
"2022-02-22T00:00:00.000","2020-10-22T00:00:00.000","11417","25","0","0"
"2022-02-22T00:00:00.000","2020-10-21T00:00:00.000","10312","38","3","2"
"2022-02-22T00:00:00.000","2021-03-16T00:00:00.000","10017","8","0","0"
"2022-02-22T00:00:00.000","2020-11-27T00:00:00.000","11203","96","6","3"
"2022-02-22T00:00:00.000","2021-01-05T00:00:00.000","10027","88","5","1"
"2022-02-22T00:00:00.000","2020-05-20T00:00:00.000","11433","29","2","0"
"2022-02-22T00:00:00.000","2020-12-27T00:00:00.000","11209","54","6","1"
"2022-02-22T00:00:00.000","2020-06-09T00:00:00.000","11105","10","0","0"
"2022-02-22T00:00:00.000","2021-04-29T00:00:00.000","10301","72","3","1"
"2022-02-22T00:00:00.000","2021-05-30T00:00:00.000","11207","109","8","0"
"2022-02-22T00:00:00.000","2020-10-12T00:00:00.000","11230","52","3","3"
"2022-02-22T00:00:00.000","2020-07-03T00:00:00.000","10306","24","0","0"
"2022-02-22T00:00:00.000","2021-07-30T00:00:00.000","11102","48","3","0"
"2022-02-22T00:00:00.000","2021-08-20T00:00:00.000","11368","161","17","2"
"2022-02-22T00:00:00.000","2020-11-17T00:00:00.000","10011","40","0","0"
"2022-02-22T00:00:00.000","2020-10-02T00:00:00.000","11355","51","1","0"
"2022-02-22T00:00:00.000","2020-03-26T00:00:00.000","11374","25","16","6"
"2022-02-22T00:00:00.000","2021-08-28T00:00:00.000","10301","52","4","1"
"2022-02-22T00:00:00.000","2021-12-15T00:00:00.000","10005","10","1","0"
"2022-02-22T00:00:00.000","2020-07-19T00:00:00.000","11223","44","1","0"
"2022-02-22T00:00:00.000","2020-10-29T00:00:00.000","11363","1","0","0"
"2022-02-22T00:00:00.000","2021-08-23T00:00:00.000","11212","190","10","1"
"2022-02-22T00:00:00.000","2020-03-05T00:00:00.000","11367","22","2","0"
"2022-02-22T00:00:00.000","2021-08-16T00:00:00.000","10035","99","4","1"
"2022-02-22T00:00:00.000","2020-05-13T00:00:00.000","11231","14","2","2"
"2022-02-22T00:00:00.000","2020-09-21T00:00:00.000","10025","79","1","0"
"2022-02-22T00:00:00.000","2020-05-28T00:00:00.000","10474","20","2","1"
"2022-02-22T00:00:00.000","2020-07-23T00:00:00.000","11691","69","0","0"
"2022-02-22T00:00:00.000","2021-06-10T00:00:00.000","10003","34","1","0"
"2022-02-22T00:00:00.000","2021-02-05T00:00:00.000","10470","16","1","0"
"2022-02-22T00:00:00.000","2020-04-29T00:00:00.000","11357","5","2","2"
"2022-02-22T00:00:00.000","2020-11-27T00:00:00.000","11209","38","5","3"
"2022-02-22T00:00:00.000","2021-05-13T00:00:00.000","10464","2","0","0"
"2022-02-22T00:00:00.000","2021-10-23T00:00:00.000","10065","14","0","0"
"2022-02-22T00:00:00.000","2021-05-29T00:00:00.000","10035","53","4","0"
"2022-02-22T00:00:00.000","2021-12-17T00:00:00.000","10304","72","18","2"
"2022-02-22T00:00:00.000","2021-07-24T00:00:00.000","11374","24","1","1"
"2022-02-22T00:00:00.000","2020-09-29T00:00:00.000","11105","26","0","0"
"2022-02-22T00:00:00.000","2020-06-27T00:00:00.000","11369","26","2","1"
"2022-02-22T00:00:00.000","2021-06-12T00:00:00.000","10469","74","2","0"
"2022-02-22T00:00:00.000","2021-11-10T00:00:00.000","11234","76","9","0"
"2022-02-22T00:00:00.000","2020-06-10T00:00:00.000","11370","26","1","0"
"2022-02-22T00:00:00.000","2022-02-14T00:00:00.000","11237","63","3","2"
"2022-02-22T00:00:00.000","2020-11-23T00:00:00.000","10013","14","1","0"
"2022-02-22T00:00:00.000","2020-05-02T00:00:00.000","10308","16","1","1"
"2022-02-22T00:00:00.000","2020-09-27T00:00:00.000","11436","20","1","1"
"2022-02-22T00:00:00.000","2022-01-09T00:00:00.000","11105","27","2","0"
"2022-02-22T00:00:00.000","2021-06-12T00:00:00.000","11375","38","3","0"
"2022-02-22T00:00:00.000","2021-11-27T00:00:00.000","10016","66","5","1"
"2022-02-22T00:00:00.000","2020-05-26T00:00:00.000","11207","108","1","0"
"2022-02-22T00:00:00.000","2021-07-11T00:00:00.000","10012","10","0","0"
"2022-02-22T00:00:00.000","2021-01-17T00:00:00.000","11694","13","2","2"
"2022-02-22T00:00:00.000","2021-11-27T00:00:00.000","11368","135","11","1"
"2022-02-22T00:00:00.000","2020-05-25T00:00:00.000","11219","49","2","1"
"2022-02-22T00:00:00.000","2021-08-11T00:00:00.000","10305","52","3","1"
"2022-02-22T00:00:00.000","2021-12-24T00:00:00.000","11233","146","36","10"
"2022-02-22T00:00:00.000","2021-05-22T00:00:00.000","11231","40","3","0"
"2022-02-22T00:00:00.000","2020-07-25T00:00:00.000","11355","46","3","2"
"2022-02-22T00:00:00.000","2022-01-20T00:00:00.000","11411","32","2","1"
"2022-02-22T00:00:00.000","2021-07-15T00:00:00.000","11103","38","1","0"
"2022-02-22T00:00:00.000","2022-01-02T00:00:00.000","11231","34","5","0"
"2022-02-22T00:00:00.000","2020-03-28T00:00:00.000","11215","34","8","1"
"2022-02-22T00:00:00.000","2021-01-30T00:00:00.000","11219","52","7","3"
"2022-02-22T00:00:00.000","2020-07-20T00:00:00.000","10004","1","0","0"
"2022-02-22T00:00:00.000","2021-12-26T00:00:00.000","11358","22","6","1"
"2022-02-22T00:00:00.000","2021-10-09T00:00:00.000","10282","2","0","0"
"2022-02-22T00:00:00.000","2021-04-13T00:00:00.000","10036","23","0","0"
"2022-02-22T00:00:00.000","2020-09-07T00:00:00.000","11691","67","0","0"
"2022-02-22T00:00:00.000","2021-02-14T00:00:00.000","10014","24","0","0"
"2022-02-22T00:00:00.000","2021-07-13T00:00:00.000","10011","22","1","1"
"2022-02-22T00:00:00.000","2020-10-30T00:00:00.000","11433","40","1","0"
"2022-02-22T00:00:00.000","2020-09-28T00:00:00.000","10308","17","0","0"
"2022-02-22T00:00:00.000","2021-09-23T00:00:00.000","10302","33","1","0"
"2022-02-22T00:00:00.000","2021-07-18T00:00:00.000","10312","44","3","1"
"2022-02-22T00:00:00.000","2021-06-23T00:00:00.000","11416","19","0","0"
"2022-02-22T00:00:00.000","2021-08-28T00:00:00.000","10025","77","3","3"
"2022-02-22T00:00:00.000","2021-02-25T00:00:00.000","10466","99","5","2"
"2022-02-22T00:00:00.000","2020-05-26T00:00:00.000","11233","87","1","0"
"2022-02-22T00:00:00.000","2021-02-03T00:00:00.000","11357","12","4","2"
"2022-02-22T00:00:00.000","2021-01-31T00:00:00.000","11416","14","2","1"
"2022-02-22T00:00:00.000","2021-02-19T00:00:00.000","11213","78","6","0"
"2022-02-22T00:00:00.000","2021-10-23T00:00:00.000","10010","11","0","0"
"2022-02-22T00:00:00.000","2021-03-13T00:00:00.000","10012","10","2","0"
"2022-02-22T00:00:00.000","2021-06-22T00:00:00.000","10033","57","3","0"
"2022-02-22T00:00:00.000","2020-05-24T00:00:00.000","10473","37","0","0"
"2022-02-22T00:00:00.000","2021-08-18T00:00:00.000","10475","54","5","0"
"2022-02-22T00:00:00.000","2021-10-25T00:00:00.000","11222","25","0","0"
"2022-02-22T00:00:00.000","2020-07-09T00:00:00.000","11357","14","2","1"
"2022-02-22T00:00:00.000","2021-06-05T00:00:00.000","10314","59","0","0"
"2022-02-22T00:00:00.000","2021-01-30T00:00:00.000","11212","136","10","4"
"2022-02-22T00:00:00.000","2021-04-20T00:00:00.000","11233","105","5","1"
"2022-02-22T00:00:00.000","2022-02-03T00:00:00.000","10457","158","8","4"
"2022-02-22T00:00:00.000","2021-03-16T00:00:00.000","11102","42","2","1"
"2022-02-22T00:00:00.000","2021-05-09T00:00:00.000","11225","56","3","1"
"2022-02-22T00:00:00.000","2021-08-06T00:00:00.000","11106","38","4","2"
"2022-02-22T00:00:00.000","2021-06-18T00:00:00.000","10305","55","0","0"
"2022-02-22T00:00:00.000","2021-06-26T00:00:00.000","11378","22","2","0"
"2022-02-22T00:00:00.000","2021-01-15T00:00:00.000","10307","10","4","3"
"2022-02-22T00:00:00.000","2020-11-17T00:00:00.000","10003","35","2","1"
"2022-02-22T00:00:00.000","2020-03-30T00:00:00.000","11420","36","19","5"
"2022-02-22T00:00:00.000","2020-06-21T00:00:00.000","11219","50","0","0"
"2022-02-22T00:00:00.000","2021-01-13T00:00:00.000","10027","75","2","0"
"2022-02-22T00:00:00.000","2020-07-01T00:00:00.000","10038","22","2","2"
"2022-02-22T00:00:00.000","2021-10-30T00:00:00.000","11225","43","1","1"
"2022-02-22T00:00:00.000","2020-11-07T00:00:00.000","11217","17","1","0"
"2022-02-22T00:00:00.000","2021-12-18T00:00:00.000","10025","89","15","1"
"2022-02-22T00:00:00.000","2021-07-08T00:00:00.000","11692","27","1","0"
"2022-02-22T00:00:00.000","2021-05-19T00:00:00.000","11358","14","1","0"
"2022-02-22T00:00:00.000","2021-03-30T00:00:00.000","11691","91","15","7"
"2022-02-22T00:00:00.000","2021-09-27T00:00:00.000","11358","26","2","1"
"2022-02-22T00:00:00.000","2021-08-19T00:00:00.000","10472","101","6","1"
"2022-02-22T00:00:00.000","2021-09-14T00:00:00.000","10013","9","1","0"
"2022-02-22T00:00:00.000","2021-04-23T00:00:00.000","10036","35","0","0"
"2022-02-22T00:00:00.000","2021-07-05T00:00:00.000","10014","19","1","0"
"2022-02-22T00:00:00.000","2020-04-17T00:00:00.000","10463","35","10","4"
"2022-02-22T00:00:00.000","2021-10-14T00:00:00.000","11231","25","1","0"
"2022-02-22T00:00:00.000","2021-05-08T00:00:00.000","10038","21","2","0"
"2022-02-22T00:00:00.000","2021-01-28T00:00:00.000","10474","25","0","0"
"2022-02-22T00:00:00.000","2021-06-11T00:00:00.000","10461","60","2","0"
"2022-02-22T00:00:00.000","2021-07-19T00:00:00.000","10463","75","1","1"
"2022-02-22T00:00:00.000","2021-09-06T00:00:00.000","10303","46","1","0"
"2022-02-22T00:00:00.000","2020-11-18T00:00:00.000","11203","120","4","0"
"2022-02-22T00:00:00.000","2021-05-28T00:00:00.000","10475","33","1","0"
"2022-02-22T00:00:00.000","2021-05-01T00:00:00.000","11232","23","2","0"
"2022-02-22T00:00:00.000","2021-02-05T00:00:00.000","10034","42","2","1"
"2022-02-22T00:00:00.000","2021-02-10T00:00:00.000","10308","24","5","1"
"2022-02-22T00:00:00.000","2021-12-31T00:00:00.000","10038","23","1","0"
"2022-02-22T00:00:00.000","2021-02-02T00:00:00.000","11223","62","15","3"
"2022-02-22T00:00:00.000","2020-07-04T00:00:00.000","10309","16","0","0"
"2022-02-22T00:00:00.000","2021-09-06T00:00:00.000","10308","29","3","0"
"2022-02-22T00:00:00.000","2022-01-12T00:00:00.000","10460","95","7","0"
"2022-02-22T00:00:00.000","2020-06-24T00:00:00.000","10308","12","0","0"
"2022-02-22T00:00:00.000","2020-07-29T00:00:00.000","11418","35","1","1"
"2022-02-22T00:00:00.000","2021-12-19T00:00:00.000","11222","23","4","1"
"2022-02-22T00:00:00.000","2021-09-19T00:00:00.000","10473","70","4","1"
"2022-02-22T00:00:00.000","2022-01-11T00:00:00.000","11224","66","9","6"
"2022-02-22T00:00:00.000","2020-08-20T00:00:00.000","11231","27","1","0"
"2022-02-22T00:00:00.000","2022-01-22T00:00:00.000","10040","39","3","1"
"2022-02-22T00:00:00.000","2021-05-26T00:00:00.000","11102","36","0","0"
"2022-02-22T00:00:00.000","2020-03-21T00:00:00.000","11229","51","18","8"
"2022-02-22T00:00:00.000","2020-07-19T00:00:00.000","11105","14","0","0"
"2022-02-22T00:00:00.000","2021-07-04T00:00:00.000","11426","8","2","0"
"2022-02-22T00:00:00.000","2021-04-08T00:00:00.000","10034","48","3","1"
"2022-02-22T00:00:00.000","2021-10-28T00:00:00.000","10026","38","1","0"
"2022-02-22T00:00:00.000","2021-11-17T00:00:00.000","11105","31","2","1"
"2022-02-22T00:00:00.000","2021-06-22T00:00:00.000","10456","200","7","1"
"2022-02-22T00:00:00.000","2021-10-13T00:00:00.000","11220","101","7","4"
"2022-02-22T00:00:00.000","2021-04-09T00:00:00.000","10463","73","7","2"
"2022-02-22T00:00:00.000","2021-07-16T00:00:00.000","11363","2","1","0"
"2022-02-22T00:00:00.000","2020-04-19T00:00:00.000","11201","24","1","1"
"2022-02-22T00:00:00.000","2021-02-15T00:00:00.000","11385","79","5","2"
"2022-02-22T00:00:00.000","2021-01-21T00:00:00.000","11220","72","9","4"
"2022-02-22T00:00:00.000","2022-01-12T00:00:00.000","10044","8","2","0"
"2022-02-22T00:00:00.000","2020-04-05T00:00:00.000","10013","5","1","1"
"2022-02-22T00:00:00.000","2020-05-22T00:00:00.000","11217","22","1","0"
"2022-02-22T00:00:00.000","2021-12-08T00:00:00.000","10463","83","2","1"
"2022-02-22T00:00:00.000","2021-07-30T00:00:00.000","10044","10","0","0"
"2022-02-22T00:00:00.000","2021-09-25T00:00:00.000","11379","21","2","1"
"2022-02-22T00:00:00.000","2020-03-22T00:00:00.000","10301","45","10","3"
"2022-02-22T00:00:00.000","2021-09-04T00:00:00.000","10065","15","1","0"
"2022-02-22T00:00:00.000","2020-04-07T00:00:00.000","11222","19","6","1"
"2022-02-22T00:00:00.000","2021-06-26T00:00:00.000","10003","35","0","0"
"2022-02-22T00:00:00.000","2021-03-26T00:00:00.000","10069","2","0","0"
"2022-02-22T00:00:00.000","2021-04-22T00:00:00.000","10017","11","0","0"
"2022-02-22T00:00:00.000","2021-10-22T00:00:00.000","10021","27","1","1"
"2022-02-22T00:00:00.000","2020-08-30T00:00:00.000","10069","4","0","0"
"2022-02-22T00:00:00.000","2021-07-05T00:00:00.000","10028","18","0","0"
"2022-02-22T00:00:00.000","2021-08-11T00:00:00.000","10466","102","13","1"
"2022-02-22T00:00:00.000","2020-03-14T00:00:00.000","10035","111","9","1"
"2022-02-22T00:00:00.000","2021-10-28T00:00:00.000","11219","72","4","0"
"2022-02-22T00:00:00.000","2021-05-13T00:00:00.000","11106","36","1","0"
"2022-02-22T00:00:00.000","2020-10-23T00:00:00.000","10011","28","0","0"
"2022-02-22T00:00:00.000","2020-12-09T00:00:00.000","10030","46","0","0"
"2022-02-22T00:00:00.000","2021-12-30T00:00:00.000","11205","62","8","0"
"2022-02-22T00:00:00.000","2020-12-19T00:00:00.000","11357","8","0","0"
"2022-02-22T00:00:00.000","2020-04-25T00:00:00.000","11209","31","0","0"
"2022-02-22T00:00:00.000","2021-08-03T00:00:00.000","10280","4","0","0"
"2022-02-22T00:00:00.000","2021-02-09T00:00:00.000","11233","120","9","4"
"2022-02-22T00:00:00.000","2021-02-21T00:00:00.000","10469","69","7","4"
"2022-02-22T00:00:00.000","2021-04-26T00:00:00.000","10464","6","0","0"
"2022-02-22T00:00:00.000","2020-07-11T00:00:00.000","11104","13","1","0"
"2022-02-22T00:00:00.000","2021-04-10T00:00:00.000","10011","36","0","0"
"2022-02-22T00:00:00.000","2021-09-10T00:00:00.000","10314","73","2","1"
"2022-02-22T00:00:00.000","2021-01-24T00:00:00.000","10006","1","0","0"
"2022-02-22T00:00:00.000","2020-04-23T00:00:00.000","11370","9","1","0"
"2022-02-22T00:00:00.000","2021-10-27T00:00:00.000","11223","74","7","1"
"2022-02-22T00:00:00.000","2020-03-16T00:00:00.000","10453","173","25","2"
"2022-02-22T00:00:00.000","2021-10-17T00:00:00.000","11416","20","2","0"
"2022-02-22T00:00:00.000","2021-12-18T00:00:00.000","10452","117","10","0"
"2022-02-22T00:00:00.000","2021-01-11T00:00:00.000","11377","64","6","3"
"2022-02-22T00:00:00.000","2020-08-02T00:00:00.000","10312","37","1","1"
"2022-02-22T00:00:00.000","2020-12-23T00:00:00.000","11421","37","2","0"
"2022-02-22T00:00:00.000","2020-05-09T00:00:00.000","11104","7","1","0"
"2022-02-22T00:00:00.000","2020-10-12T00:00:00.000","11362","3","0","0"
"2022-02-22T00:00:00.000","2021-12-30T00:00:00.000","11105","38","13","4"
"2022-02-22T00:00:00.000","2021-03-27T00:00:00.000","10462","91","6","0"
"2022-02-22T00:00:00.000","2021-05-08T00:00:00.000","11205","35","1","1"
"2022-02-22T00:00:00.000","2020-12-03T00:00:00.000","10044","10","1","0"
"2022-02-22T00:00:00.000","2020-10-13T00:00:00.000","11375","37","4","4"
"2022-02-22T00:00:00.000","2020-09-21T00:00:00.000","10023","12","0","0"
"2022-02-22T00:00:00.000","2022-01-14T00:00:00.000","10025","73","7","5"
"2022-02-22T00:00:00.000","2021-09-07T00:00:00.000","10017","4","0","0"
"2022-02-22T00:00:00.000","2021-04-18T00:00:00.000","11228","30","0","0"
"2022-02-22T00:00:00.000","2020-10-10T00:00:00.000","11214","39","0","0"
"2022-02-22T00:00:00.000","2020-05-19T00:00:00.000","11361","5","0","0"
"2022-02-22T00:00:00.000","2022-02-09T00:00:00.000","10011","27","0","0"
"2022-02-22T00:00:00.000","2020-03-11T00:00:00.000","11373","127","32","3"
"2022-02-22T00:00:00.000","2020-03-04T00:00:00.000","11231","36","2","0"
"2022-02-22T00:00:00.000","2020-08-17T00:00:00.000","10038","27","2","0"
"2022-02-22T00:00:00.000","2020-08-03T00:00:00.000","11432","65","1","0"
"2022-02-22T00:00:00.000","2022-01-02T00:00:00.000","11203","157","25","5"
"2022-02-22T00:00:00.000","2021-12-02T00:00:00.000","11434","66","3","1"
"2022-02-22T00:00:00.000","2021-03-20T00:00:00.000","10303","32","2","0"
"2022-02-22T00:00:00.000","2021-07-18T00:00:00.000","11428","14","1","0"
"2022-02-22T00:00:00.000","2020-12-22T00:00:00.000","10040","31","2","2"
"2022-02-22T00:00:00.000","2021-01-23T00:00:00.000","11417","16","2","1"
"2022-02-22T00:00:00.000","2020-09-30T00:00:00.000","11370","16","0","0"
"2022-02-22T00:00:00.000","2021-08-10T00:00:00.000","11235","93","16","5"
"2022-02-22T00:00:00.000","2021-04-20T00:00:00.000","11364","8","0","0"
"2022-02-22T00:00:00.000","2021-12-30T00:00:00.000","11358","19","6","0"
"2022-02-22T00:00:00.000","2021-09-22T00:00:00.000","10035","98","7","4"
"2022-02-22T00:00:00.000","2020-10-26T00:00:00.000","10312","41","0","0"
"2022-02-22T00:00:00.000","2020-10-02T00:00:00.000","11216","65","2","0"
"2022-02-22T00:00:00.000","2020-07-18T00:00:00.000","10017","5","0","0"
"2022-02-22T00:00:00.000","2021-07-31T00:00:00.000","10028","16","1","1"
"2022-02-22T00:00:00.000","2021-06-04T00:00:00.000","10027","104","2","1"
"2022-02-22T00:00:00.000","2020-12-01T00:00:00.000","11203","116","4","1"
"2022-02-22T00:00:00.000","2021-07-17T00:00:00.000","10280","2","0","0"
"2022-02-22T00:00:00.000","2020-11-13T00:00:00.000","10306","30","3","1"
"2022-02-22T00:00:00.000","2021-01-14T00:00:00.000","11692","22","3","0"
"2022-02-22T00:00:00.000","2021-04-08T00:00:00.000","10465","40","3","0"
"2022-02-22T00:00:00.000","2020-07-09T00:00:00.000","10454","63","0","0"
"2022-02-22T00:00:00.000","2020-11-10T00:00:00.000","11366","11","2","2"
"2022-02-22T00:00:00.000","2021-08-27T00:00:00.000","11422","15","0","0"
"2022-02-22T00:00:00.000","2020-05-27T00:00:00.000","11105","18","0","0"
"2022-02-22T00:00:00.000","2021-08-10T00:00:00.000","10075","27","1","1"
"2022-02-22T00:00:00.000","2021-01-22T00:00:00.000","10026","58","6","1"
"2022-02-22T00:00:00.000","2022-02-12T00:00:00.000","11367","22","1","0"
"2022-02-22T00:00:00.000","2021-01-24T00:00:00.000","10453","94","7","2"
"2022-02-22T00:00:00.000","2021-11-17T00:00:00.000","11435","61","7","2"
"2022-02-22T00:00:00.000","2021-12-05T00:00:00.000","11203","91","6","4"
"2022-02-22T00:00:00.000","2021-08-20T00:00:00.000","11231","37","2","0"
"2022-02-22T00:00:00.000","2020-10-06T00:00:00.000","11220","79","8","2"
"2022-02-22T00:00:00.000","2021-03-26T00:00:00.000","10303","41","1","0"
"2022-02-22T00:00:00.000","2022-02-12T00:00:00.000","10463","60","1","0"
"2022-02-22T00:00:00.000","2022-01-21T00:00:00.000","10452","132","2","0"
"2022-02-22T00:00:00.000","2020-03-22T00:00:00.000","11203","120","43","10"
"2022-02-22T00:00:00.000","2022-02-16T00:00:00.000","11226","134","5","0"
"2022-02-22T00:00:00.000","2020-12-23T00:00:00.000","10461","72","10","5"
"2022-02-22T00:00:00.000","2021-06-16T00:00:00.000","10044","7","0","0"
"2022-02-22T00:00:00.000","2021-02-07T00:00:00.000","11201","33","1","0"
"2022-02-22T00:00:00.000","2021-09-26T00:00:00.000","10075","33","2","1"
"2022-02-22T00:00:00.000","2021-09-11T00:00:00.000","11208","116","8","0"
"2022-02-22T00:00:00.000","2021-06-17T00:00:00.000","10039","53","3","2"
"2022-02-22T00:00:00.000","2021-03-21T00:00:00.000","10305","41","2","2"
"2022-02-22T00:00:00.000","2020-10-09T00:00:00.000","10453","142","2","1"
"2022-02-22T00:00:00.000","2021-04-25T00:00:00.000","10468","81","6","0"
"2022-02-22T00:00:00.000","2020-07-22T00:00:00.000","11101","38","2","0"
"2022-02-22T00:00:00.000","2021-09-03T00:00:00.000","11379","24","1","1"
"2022-02-22T00:00:00.000","2021-03-01T00:00:00.000","11201","59","2","1"
"2022-02-22T00:00:00.000","2021-07-08T00:00:00.000","11367","35","1","0"
"2022-02-22T00:00:00.000","2021-11-26T00:00:00.000","10030","43","1","0"
"2022-02-22T00:00:00.000","2021-08-25T00:00:00.000","10471","14","0","0"
"2022-02-22T00:00:00.000","2021-04-15T00:00:00.000","11429","24","1","0"
"2022-02-22T00:00:00.000","2020-12-06T00:00:00.000","11208","89","4","2"
"2022-02-22T00:00:00.000","2020-11-10T00:00:00.000","11411","33","1","0"
"2022-02-22T00:00:00.000","2020-03-30T00:00:00.000","11356","11","6","5"
"2022-02-22T00:00:00.000","2020-09-23T00:00:00.000","10457","147","2","0"
"2022-02-22T00:00:00.000","2022-01-30T00:00:00.000","11436","21","2","1"
"2022-02-22T00:00:00.000","2020-05-29T00:00:00.000","10014","14","0","0"
"2022-02-22T00:00:00.000","2020-12-17T00:00:00.000","10455","42","4","1"
"2022-02-22T00:00:00.000","2020-06-19T00:00:00.000","11201","52","2","1"
"2022-02-22T00:00:00.000","2020-12-20T00:00:00.000","11105","30","8","0"
"2022-02-22T00:00:00.000","2020-06-23T00:00:00.000","10456","156","5","2"
"2022-02-22T00:00:00.000","2020-06-02T00:00:00.000","11697","2","0","0"
"2022-02-22T00:00:00.000","2021-06-16T00:00:00.000","11210","75","3","0"
"2022-02-22T00:00:00.000","2020-05-13T00:00:00.000","11220","32","4","2"
"2022-02-22T00:00:00.000","2020-08-16T00:00:00.000","10026","36","2","0"
"2022-02-22T00:00:00.000","2021-11-11T00:00:00.000","11214","70","5","1"
"2022-02-22T00:00:00.000","2020-03-16T00:00:00.000","11358","15","1","0"
"2022-02-22T00:00:00.000","2020-10-21T00:00:00.000","11210","44","2","1"
"2022-02-22T00:00:00.000","2021-01-08T00:00:00.000","11358","14","1","1"
"2022-02-22T00:00:00.000","2020-04-26T00:00:00.000","11435","38","6","3"
"2022-02-22T00:00:00.000","2020-04-25T00:00:00.000","10018","5","0","0"
"2022-02-22T00:00:00.000","2021-04-10T00:00:00.000","10017","7","1","1"
"2022-02-22T00:00:00.000","2020-03-31T00:00:00.000","11209","48","7","4"
"2022-02-22T00:00:00.000","2022-02-14T00:00:00.000","10458","108","3","1"
"2022-02-22T00:00:00.000","2021-11-11T00:00:00.000","11232","26","1","0"
"2022-02-22T00:00:00.000","2021-03-07T00:00:00.000","11103","21","3","1"
"2022-02-22T00:00:00.000","2020-07-07T00:00:00.000","11222","15","0","0"
"2022-02-22T00:00:00.000","2021-07-19T00:00:00.000","11222","22","0","0"
"2022-02-22T00:00:00.000","2020-09-08T00:00:00.000","10464","5","0","0"
"2022-02-22T00:00:00.000","2020-08-14T00:00:00.000","11356","10","0","0"
"2022-02-22T00:00:00.000","2021-12-07T00:00:00.000","11378","33","3","0"
"2022-02-22T00:00:00.000","2022-01-05T00:00:00.000","11429","39","14","0"
"2022-02-22T00:00:00.000","2022-02-13T00:00:00.000","10307","8","0","0"
"2022-02-22T00:00:00.000","2020-04-11T00:00:00.000","11214","42","12","7"
"2022-02-22T00:00:00.000","2020-09-16T00:00:00.000","10044","7","0","0"
"2022-02-22T00:00:00.000","2022-01-14T00:00:00.000","10456","208","13","4"
"2022-02-22T00:00:00.000","2021-10-29T00:00:00.000","11426","8","1","0"
"2022-02-22T00:00:00.000","2020-03-11T00:00:00.000","11234","91","7","0"
"2022-02-22T00:00:00.000","2021-05-19T00:00:00.000","10312","55","2","2"
"2022-02-22T00:00:00.000","2022-01-20T00:00:00.000","11373","92","11","3"
"2022-02-22T00:00:00.000","2021-01-03T00:00:00.000","10014","28","0","0"
"2022-02-22T00:00:00.000","2020-08-17T00:00:00.000","10305","38","2","1"
"2022-02-22T00:00:00.000","2020-07-12T00:00:00.000","10463","47","0","0"
"2022-02-22T00:00:00.000","2021-04-21T00:00:00.000","11201","58","5","3"
"2022-02-22T00:00:00.000","2020-03-10T00:00:00.000","10027","131","17","4"
"2022-02-22T00:00:00.000","2020-09-29T00:00:00.000","11691","66","1","1"
"2022-02-22T00:00:00.000","2021-09-25T00:00:00.000","10475","37","3","0"
"2022-02-22T00:00:00.000","2020-04-26T00:00:00.000","11209","29","1","1"
"2022-02-22T00:00:00.000","2021-08-30T00:00:00.000","10457","219","7","2"
"2022-02-22T00:00:00.000","2021-05-19T00:00:00.000","11203","118","7","5"
"2022-02-22T00:00:00.000","2020-05-29T00:00:00.000","11429","25","0","0"
"2022-02-22T00:00:00.000","2021-11-12T00:00:00.000","11414","17","1","1"
"2022-02-22T00:00:00.000","2020-08-10T00:00:00.000","11101","42","1","1"
"2022-02-22T00:00:00.000","2020-08-20T00:00:00.000","10301","53","3","0"
"2022-02-22T00:00:00.000","2021-12-16T00:00:00.000","10452","156","8","1"
"2022-02-22T00:00:00.000","2021-03-24T00:00:00.000","11363","1","0","0"
"2022-02-22T00:00:00.000","2021-07-15T00:00:00.000","10002","70","1","1"
"2022-02-22T00:00:00.000","2020-06-15T00:00:00.000","11218","37","1","0"
"2022-02-22T00:00:00.000","2020-04-02T00:00:00.000","11354","27","12","7"
"2022-02-22T00:00:00.000","2020-05-30T00:00:00.000","10040","28","4","1"
"2022-02-22T00:00:00.000","2022-02-08T00:00:00.000","10031","73","2","0"
"2022-02-22T00:00:00.000","2020-10-18T00:00:00.000","11224","48","0","0"
"2022-02-22T00:00:00.000","2021-10-11T00:00:00.000","10039","66","7","2"
"2022-02-22T00:00:00.000","2020-03-01T00:00:00.000","11217","40","3","0"
"2022-02-22T00:00:00.000","2021-03-29T00:00:00.000","11420","43","6","1"
"2022-02-22T00:00:00.000","2020-08-10T00:00:00.000","11418","37","0","0"
"2022-02-22T00:00:00.000","2020-10-15T00:00:00.000","11204","37","0","0"
"2022-02-22T00:00:00.000","2020-05-03T00:00:00.000","10467","76","3","3"
"2022-02-22T00:00:00.000","2020-11-18T00:00:00.000","10039","47","4","0"
"2022-02-22T00:00:00.000","2021-11-16T00:00:00.000","11211","71","2","0"
"2022-02-22T00:00:00.000","2021-12-15T00:00:00.000","10454","101","8","2"
"2022-02-22T00:00:00.000","2021-03-20T00:00:00.000","10011","37","3","0"
"2022-02-22T00:00:00.000","2021-01-20T00:00:00.000","11206","117","4","2"
"2022-02-22T00:00:00.000","2021-12-12T00:00:00.000","11361","9","1","0"
"2022-02-22T00:00:00.000","2020-10-16T00:00:00.000","10463","51","2","0"
"2022-02-22T00:00:00.000","2020-08-31T00:00:00.000","11208","129","4","0"
"2022-02-22T00:00:00.000","2020-07-17T00:00:00.000","10028","20","1","0"
"2022-02-22T00:00:00.000","2020-09-16T00:00:00.000","10454","85","1","0"
"2022-02-22T00:00:00.000","2022-01-26T00:00:00.000","10465","44","9","6"
"2022-02-22T00:00:00.000","2021-03-31T00:00:00.000","10039","46","3","0"
"2022-02-22T00:00:00.000","2021-01-31T00:00:00.000","11203","83","6","2"
"2022-02-22T00:00:00.000","2021-04-02T00:00:00.000","10014","24","3","1"
"2022-02-22T00:00:00.000","2021-12-24T00:00:00.000","10040","40","7","1"
"2022-02-22T00:00:00.000","2020-11-09T00:00:00.000","10459","85","1","1"
"2022-02-22T00:00:00.000","2021-11-19T00:00:00.000","11239","20","2","1"
"2022-02-22T00:00:00.000","2020-03-16T00:00:00.000","10128","32","6","1"
"2022-02-22T00:00:00.000","2020-07-29T00:00:00.000","11361","9","0","0"
"2022-02-22T00:00:00.000","2021-04-19T00:00:00.000","11692","24","1","1"
"2022-02-22T00:00:00.000","2020-05-11T00:00:00.000","11213","63","2","1"
"2022-02-22T00:00:00.000","2022-01-21T00:00:00.000","10460","115","14","6"
"2022-02-22T00:00:00.000","2020-10-20T00:00:00.000","10304","47","2","1"
"2022-02-22T00:00:00.000","2021-09-14T00:00:00.000","10303","35","1","0"
"2022-02-22T00:00:00.000","2021-05-17T00:00:00.000","11212","210","7","3"
"2022-02-22T00:00:00.000","2020-10-09T00:00:00.000","10454","81","1","1"
"2022-02-22T00:00:00.000","2021-11-02T00:00:00.000","11435","60","3","0"
"2022-02-22T00:00:00.000","2021-06-26T00:00:00.000","11238","48","2","0"
"2022-02-22T00:00:00.000","2021-08-15T00:00:00.000","11220","75","3","0"
"2022-02-22T00:00:00.000","2021-11-14T00:00:00.000","11206","123","9","0"
"2022-02-22T00:00:00.000","2020-12-06T00:00:00.000","10014","35","0","0"
"2022-02-22T00:00:00.000","2022-02-10T00:00:00.000","11214","82","5","0"
"2022-02-22T00:00:00.000","2020-04-14T00:00:00.000","11203","65","19","11"
"2022-02-22T00:00:00.000","2020-11-20T00:00:00.000","11436","13","0","0"
"2022-02-22T00:00:00.000","2021-06-22T00:00:00.000","11205","34","1","0"
"2022-02-22T00:00:00.000","2021-02-09T00:00:00.000","10022","12","0","0"
"2022-02-22T00:00:00.000","2021-06-17T00:00:00.000","11103","35","0","0"
"2022-02-22T00:00:00.000","2020-05-31T00:00:00.000","10018","4","0","0"
"2022-02-22T00:00:00.000","2021-02-07T00:00:00.000","11104","12","0","0"
"2022-02-22T00:00:00.000","2021-04-28T00:00:00.000","10037","35","0","0"
"2022-02-22T00:00:00.000","2020-10-01T00:00:00.000","11238","23","1","0"
"2022-02-22T00:00:00.000","2020-10-12T00:00:00.000","10025","77","1","1"
"2022-02-22T00:00:00.000","2021-03-30T00:00:00.000","11374","30","5","2"
"2022-02-22T00:00:00.000","2021-11-18T00:00:00.000","10004","3","0","0"
"2022-02-22T00:00:00.000","2020-12-25T00:00:00.000","11219","47","7","4"
"2022-02-22T00:00:00.000","2020-12-06T00:00:00.000","11228","26","5","3"
"2022-02-22T00:00:00.000","2021-07-04T00:00:00.000","10044","8","0","0"
"2022-02-22T00:00:00.000","2021-04-18T00:00:00.000","10471","6","0","0"
"2022-02-22T00:00:00.000","2020-03-23T00:00:00.000","11414","16","5","2"
"2022-02-22T00:00:00.000","2020-10-03T00:00:00.000","11230","48","0","0"
"2022-02-22T00:00:00.000","2020-12-30T00:00:00.000","11211","76","5","2"
"2022-02-22T00:00:00.000","2020-11-02T00:00:00.000","11226","112","8","2"
"2022-02-22T00:00:00.000","2022-01-09T00:00:00.000","10029","131","17","4"
"2022-02-22T00:00:00.000","2021-04-06T00:00:00.000","11370","30","0","0"
"2022-02-22T00:00:00.000","2021-06-26T00:00:00.000","10010","18","1","0"
"2022-02-22T00:00:00.000","2021-03-21T00:00:00.000","10455","59","4","1"
"2022-02-22T00:00:00.000","2021-12-27T00:00:00.000","10458","208","51","4"
"2022-02-22T00:00:00.000","2021-07-10T00:00:00.000","11229","63","2","1"
"2022-02-22T00:00:00.000","2020-07-01T00:00:00.000","11204","39","1","0"
"2022-02-22T00:00:00.000","2020-08-16T00:00:00.000","10011","22","1","1"
"2022-02-22T00:00:00.000","2020-11-03T00:00:00.000","10474","18","0","0"
"2022-02-22T00:00:00.000","2021-10-20T00:00:00.000","11234","95","6","2"
"2022-02-22T00:00:00.000","2020-06-22T00:00:00.000","11357","14","1","1"
"2022-02-22T00:00:00.000","2021-07-31T00:00:00.000","10022","14","2","0"
"2022-02-22T00:00:00.000","2020-12-01T00:00:00.000","11213","90","1","0"
"2022-02-22T00:00:00.000","2021-09-03T00:00:00.000","11369","50","1","0"
"2022-02-22T00:00:00.000","2020-04-22T00:00:00.000","10075","17","1","0"
"2022-02-22T00:00:00.000","2021-05-21T00:00:00.000","10470","13","0","0"
"2022-02-22T00:00:00.000","2020-03-14T00:00:00.000","11210","60","5","1"
"2022-02-22T00:00:00.000","2021-03-31T00:00:00.000","10037","38","0","0"
"2022-02-22T00:00:00.000","2021-02-06T00:00:00.000","11367","24","6","2"
"2022-02-22T00:00:00.000","2021-01-03T00:00:00.000","10034","31","6","3"
"2022-02-22T00:00:00.000","2022-01-27T00:00:00.000","10018","14","1","0"
"2022-02-22T00:00:00.000","2021-11-05T00:00:00.000","11358","20","1","1"
"2022-02-22T00:00:00.000","2021-10-23T00:00:00.000","11373","105","10","1"
"2022-02-22T00:00:00.000","2020-03-31T00:00:00.000","11226","110","50","21"
"2022-02-22T00:00:00.000","2021-08-21T00:00:00.000","10018","14","0","0"
"2022-02-22T00:00:00.000","2021-12-25T00:00:00.000","11213","80","12","1"
"2022-02-22T00:00:00.000","2021-06-22T00:00:00.000","10301","59","8","2"
"2022-02-22T00:00:00.000","2021-11-29T00:00:00.000","11220","106","9","0"
"2022-02-22T00:00:00.000","2020-05-26T00:00:00.000","11212","115","5","2"
"2022-02-22T00:00:00.000","2021-02-26T00:00:00.000","10044","9","0","0"
"2022-02-22T00:00:00.000","2021-08-21T00:00:00.000","11354","23","0","0"
"2022-02-22T00:00:00.000","2020-05-09T00:00:00.000","10026","27","0","0"
"2022-02-22T00:00:00.000","2021-08-31T00:00:00.000","10030","42","2","0"
"2022-02-22T00:00:00.000","2020-11-05T00:00:00.000","10038","31","2","1"
"2022-02-22T00:00:00.000","2020-04-08T00:00:00.000","11368","116","57","36"
"2022-02-22T00:00:00.000","2021-01-05T00:00:00.000","11375","36","3","1"
"2022-02-22T00:00:00.000","2020-10-05T00:00:00.000","11691","80","7","1"
"2022-02-22T00:00:00.000","2022-01-24T00:00:00.000","10030","58","4","1"
"2022-02-22T00:00:00.000","2021-06-13T00:00:00.000","11355","58","2","1"
"2022-02-22T00:00:00.000","2021-09-12T00:00:00.000","11411","26","5","0"
"2022-02-22T00:00:00.000","2020-12-05T00:00:00.000","11428","10","0","0"
"2022-02-22T00:00:00.000","2020-05-02T00:00:00.000","11379","15","1","1"
"2022-02-22T00:00:00.000","2020-05-31T00:00:00.000","11694","8","0","0"
"2022-02-22T00:00:00.000","2021-02-18T00:00:00.000","11213","73","2","0"
"2022-02-22T00:00:00.000","2020-05-24T00:00:00.000","10302","12","0","0"
"2022-02-22T00:00:00.000","2020-07-06T00:00:00.000","11216","56","1","0"
"2022-02-22T00:00:00.000","2021-10-13T00:00:00.000","10474","22","3","0"
"2022-02-22T00:00:00.000","2020-06-05T00:00:00.000","11367","14","0","0"
"2022-02-22T00:00:00.000","2020-11-15T00:00:00.000","10014","7","0","0"
"2022-02-22T00:00:00.000","2021-06-12T00:00:00.000","10458","94","8","0"
"2022-02-22T00:00:00.000","2021-12-07T00:00:00.000","10462","126","11","2"
"2022-02-22T00:00:00.000","2020-10-13T00:00:00.000","11214","70","1","0"
"2022-02-22T00:00:00.000","2020-05-25T00:00:00.000","10024","26","0","0"
"2022-02-22T00:00:00.000","2021-11-21T00:00:00.000","10040","40","4","0"
"2022-02-22T00:00:00.000","2021-08-24T00:00:00.000","10454","83","5","0"
"2022-02-22T00:00:00.000","2022-02-17T00:00:00.000","10282","6","0","0"
"2022-02-22T00:00:00.000","2021-04-18T00:00:00.000","11212","140","6","3"
"2022-02-22T00:00:00.000","2022-01-25T00:00:00.000","11218","52","5","2"
"2022-02-22T00:00:00.000","2021-08-14T00:00:00.000","10280","4","0","0"
"2022-02-22T00:00:00.000","2020-03-30T00:00:00.000","11378","20","8","4"
"2022-02-22T00:00:00.000","2020-08-26T00:00:00.000","11379","14","1","0"
"2022-02-22T00:00:00.000","2020-03-10T00:00:00.000","10312","36","3","0"
"2022-02-22T00:00:00.000","2020-05-27T00:00:00.000","11214","43","0","0"
"2022-02-22T00:00:00.000","2020-09-07T00:00:00.000","11212","139","2","0"
"2022-02-22T00:00:00.000","2020-04-07T00:00:00.000","11214","37","11","7"
"2022-02-22T00:00:00.000","2021-12-02T00:00:00.000","11421","43","2","0"
"2022-02-22T00:00:00.000","2022-01-03T00:00:00.000","11220","126","30","5"
"2022-02-22T00:00:00.000","2022-02-12T00:00:00.000","11377","59","2","0"
"2022-02-22T00:00:00.000","2020-05-30T00:00:00.000","11201","52","2","1"
"2022-02-22T00:00:00.000","2020-08-25T00:00:00.000","10069","4","0","0"
"2022-02-22T00:00:00.000","2020-09-12T00:00:00.000","11101","30","1","1"
"2022-02-22T00:00:00.000","2020-10-25T00:00:00.000","11223","33","0","0"
"2022-02-22T00:00:00.000","2020-12-02T00:00:00.000","10304","41","5","2"
"2022-02-22T00:00:00.000","2021-11-26T00:00:00.000","11220","84","6","1"
"2022-02-22T00:00:00.000","2021-03-31T00:00:00.000","11104","22","2","1"
"2022-02-22T00:00:00.000","2022-02-09T00:00:00.000","10023","33","0","0"
"2022-02-22T00:00:00.000","2021-11-10T00:00:00.000","10011","34","1","0"
"2022-02-22T00:00:00.000","2020-03-06T00:00:00.000","11364","11","1","0"
"2022-02-22T00:00:00.000","2020-08-22T00:00:00.000","11416","17","1","1"
"2022-02-22T00:00:00.000","2021-04-21T00:00:00.000","10308","16","2","1"
"2022-02-22T00:00:00.000","2020-06-13T00:00:00.000","10472","62","3","1"
"2022-02-22T00:00:00.000","2021-09-04T00:00:00.000","10007","2","0","0"
"2022-02-22T00:00:00.000","2021-06-20T00:00:00.000","10065","19","1","1"
"2022-02-22T00:00:00.000","2021-05-03T00:00:00.000","11221","135","7","1"
"2022-02-22T00:00:00.000","2021-05-03T00:00:00.000","10302","26","1","0"
"2022-02-22T00:00:00.000","2021-07-14T00:00:00.000","10128","34","0","0"
"2022-02-22T00:00:00.000","2022-02-13T00:00:00.000","11224","52","5","3"
"2022-02-22T00:00:00.000","2021-12-04T00:00:00.000","10012","7","0","0"
"2022-02-22T00:00:00.000","2021-11-30T00:00:00.000","11226","154","8","2"
"2022-02-22T00:00:00.000","2021-10-10T00:00:00.000","10035","80","8","6"
"2022-02-22T00:00:00.000","2021-04-19T00:00:00.000","10065","15","2","1"
"2022-02-22T00:00:00.000","2020-07-05T00:00:00.000","11354","20","0","0"
"2022-02-22T00:00:00.000","2021-05-14T00:00:00.000","11368","165","8","3"
"2022-02-22T00:00:00.000","2021-01-27T00:00:00.000","11373","87","11","3"
"2022-02-22T00:00:00.000","2021-08-11T00:00:00.000","10462","113","7","1"
"2022-02-22T00:00:00.000","2021-06-23T00:00:00.000","10301","61","3","0"
"2022-02-22T00:00:00.000","2021-01-28T00:00:00.000","11216","44","0","0"
"2022-02-22T00:00:00.000","2021-04-16T00:00:00.000","10310","38","2","0"
"2022-02-22T00:00:00.000","2021-12-25T00:00:00.000","11435","103","22","3"
"2022-02-22T00:00:00.000","2020-10-21T00:00:00.000","10009","70","2","0"
"2022-02-22T00:00:00.000","2020-11-14T00:00:00.000","11203","91","5","1"
"2022-02-22T00:00:00.000","2021-10-09T00:00:00.000","10304","60","2","0"
"2022-02-22T00:00:00.000","2020-10-12T00:00:00.000","11414","14","0","0"
"2022-02-22T00:00:00.000","2021-05-01T00:00:00.000","11220","73","4","2"
"2022-02-22T00:00:00.000","2021-02-06T00:00:00.000","10473","65","3","1"
"2022-02-22T00:00:00.000","2020-03-06T00:00:00.000","10038","40","6","2"
"2022-02-22T00:00:00.000","2020-07-28T00:00:00.000","11204","41","0","0"
"2022-02-22T00:00:00.000","2020-05-04T00:00:00.000","11106","21","2","0"
"2022-02-22T00:00:00.000","2021-07-17T00:00:00.000","10039","53","2","0"
"2022-02-22T00:00:00.000","2021-05-22T00:00:00.000","11223","69","3","0"
"2022-02-22T00:00:00.000","2020-03-07T00:00:00.000","10002","75","2","0"
"2022-02-22T00:00:00.000","2020-03-16T00:00:00.000","10459","102","13","2"
"2022-02-22T00:00:00.000","2020-03-24T00:00:00.000","11355","62","26","14"
"2022-02-22T00:00:00.000","2020-03-26T00:00:00.000","11415","11","6","2"
"2022-02-22T00:00:00.000","2020-08-29T00:00:00.000","11235","86","2","1"
"2022-02-22T00:00:00.000","2021-10-03T00:00:00.000","10012","11","1","0"
"2022-02-22T00:00:00.000","2021-06-19T00:00:00.000","11236","90","3","0"
"2022-02-22T00:00:00.000","2021-03-01T00:00:00.000","11421","47","6","3"
"2022-02-22T00:00:00.000","2020-05-24T00:00:00.000","11105","13","0","0"
"2022-02-22T00:00:00.000","2020-06-10T00:00:00.000","10003","23","1","1"
"2022-02-22T00:00:00.000","2021-09-27T00:00:00.000","11218","70","7","0"
"2022-02-22T00:00:00.000","2020-09-11T00:00:00.000","11105","23","0","0"
"2022-02-22T00:00:00.000","2020-09-01T00:00:00.000","10308","17","0","0"
"2022-02-22T00:00:00.000","2020-08-01T00:00:00.000","11233","92","2","1"
"2022-02-22T00:00:00.000","2020-12-12T00:00:00.000","10004","3","0","0"
"2022-02-22T00:00:00.000","2020-09-23T00:00:00.000","10001","51","0","0"
"2022-02-22T00:00:00.000","2020-03-16T00:00:00.000","10467","210","42","7"
"2022-02-22T00:00:00.000","2021-01-13T00:00:00.000","11378","25","5","2"
"2022-02-22T00:00:00.000","2022-02-04T00:00:00.000","11104","19","0","0"
"2022-02-22T00:00:00.000","2021-09-25T00:00:00.000","11366","4","0","0"
"2022-02-22T00:00:00.000","2020-03-17T00:00:00.000","11367","41","16","2"
"2022-02-22T00:00:00.000","2020-11-16T00:00:00.000","11693","14","1","0"
"2022-02-22T00:00:00.000","2020-03-27T00:00:00.000","10003","40","10","4"
"2022-02-22T00:00:00.000","2022-02-07T00:00:00.000","10010","14","1","0"
"2022-02-22T00:00:00.000","2021-02-28T00:00:00.000","11429","19","1","0"
"2022-02-22T00:00:00.000","2020-07-20T00:00:00.000","11101","48","0","0"
"2022-02-22T00:00:00.000","2021-01-08T00:00:00.000","10454","66","4","2"
"2022-02-22T00:00:00.000","2021-10-28T00:00:00.000","10031","68","2","1"
"2022-02-22T00:00:00.000","2021-05-10T00:00:00.000","10002","69","4","2"
"2022-02-22T00:00:00.000","2021-02-14T00:00:00.000","10006","1","0","0"
"2022-02-22T00:00:00.000","2020-10-25T00:00:00.000","11691","62","3","1"
"2022-02-22T00:00:00.000","2021-02-12T00:00:00.000","10458","132","10","6"
"2022-02-22T00:00:00.000","2021-07-29T00:00:00.000","11363","3","0","0"
"2022-02-22T00:00:00.000","2020-08-27T00:00:00.000","10001","30","0","0"
"2022-02-22T00:00:00.000","2021-01-30T00:00:00.000","10017","3","0","0"
"2022-02-22T00:00:00.000","2020-11-05T00:00:00.000","11693","18","2","0"
"2022-02-22T00:00:00.000","2020-10-06T00:00:00.000","11360","4","1","1"
"2022-02-22T00:00:00.000","2021-07-20T00:00:00.000","10463","73","2","0"
"2022-02-22T00:00:00.000","2022-01-27T00:00:00.000","11421","26","2","1"
"2022-02-22T00:00:00.000","2020-05-07T00:00:00.000","11423","12","0","0"
"2022-02-22T00:00:00.000","2020-06-06T00:00:00.000","11361","2","0","0"
"2022-02-22T00:00:00.000","2020-11-18T00:00:00.000","11361","11","1","1"
"2022-02-22T00:00:00.000","2021-08-13T00:00:00.000","11416","27","2","0"
"2022-02-22T00:00:00.000","2020-04-10T00:00:00.000","11374","14","8","7"
"2022-02-22T00:00:00.000","2020-12-27T00:00:00.000","10314","55","4","1"
"2022-02-22T00:00:00.000","2020-04-20T00:00:00.000","11373","58","15","5"
"2022-02-22T00:00:00.000","2020-07-06T00:00:00.000","10468","98","2","1"
"2022-02-22T00:00:00.000","2020-07-01T00:00:00.000","11426","9","0","0"
"2022-02-22T00:00:00.000","2021-12-17T00:00:00.000","11415","20","4","0"
"2022-02-22T00:00:00.000","2021-12-26T00:00:00.000","11369","56","23","1"
"2022-02-22T00:00:00.000","2020-10-29T00:00:00.000","11423","17","1","1"
"2022-02-22T00:00:00.000","2020-03-15T00:00:00.000","10453","153","19","4"
"2022-02-22T00:00:00.000","2021-10-19T00:00:00.000","11373","102","8","1"
"2022-02-22T00:00:00.000","2021-03-26T00:00:00.000","10037","42","4","2"
"2022-02-22T00:00:00.000","2021-11-21T00:00:00.000","10028","29","2","0"
"2022-02-22T00:00:00.000","2021-05-05T00:00:00.000","10018","15","0","0"
"2022-02-22T00:00:00.000","2020-03-10T00:00:00.000","11415","16","2","1"
"2022-02-22T00:00:00.000","2021-10-29T00:00:00.000","11411","20","0","0"
"2022-02-22T00:00:00.000","2020-06-05T00:00:00.000","10465","37","0","0"
"2022-02-22T00:00:00.000","2021-04-22T00:00:00.000","10044","8","1","1"
"2022-02-22T00:00:00.000","2021-11-20T00:00:00.000","11105","19","1","0"
"2022-02-22T00:00:00.000","2021-12-17T00:00:00.000","11232","36","2","0"
"2022-02-22T00:00:00.000","2021-07-23T00:00:00.000","11419","52","3","1"
"2022-02-22T00:00:00.000","2021-04-01T00:00:00.000","10013","18","0","0"
"2022-02-22T00:00:00.000","2021-08-25T00:00:00.000","11211","59","1","0"
"2022-02-22T00:00:00.000","2020-03-24T00:00:00.000","10463","62","17","5"
"2022-02-22T00:00:00.000","2021-11-05T00:00:00.000","11102","24","1","0"
"2022-02-22T00:00:00.000","2020-04-20T00:00:00.000","10013","6","1","0"
"2022-02-22T00:00:00.000","2021-03-23T00:00:00.000","11377","53","5","2"
"2022-02-22T00:00:00.000","2020-05-21T00:00:00.000","11427","9","0","0"
"2022-02-22T00:00:00.000","2021-07-30T00:00:00.000","11220","101","5","2"
"2022-02-22T00:00:00.000","2020-09-12T00:00:00.000","10457","147","1","0"
"2022-02-22T00:00:00.000","2020-10-04T00:00:00.000","11697","1","0","0"
"2022-02-22T00:00:00.000","2020-03-06T00:00:00.000","10469","112","10","0"
"2022-02-22T00:00:00.000","2020-04-16T00:00:00.000","10304","31","8","4"
"2022-02-22T00:00:00.000","2021-02-05T00:00:00.000","11435","62","7","2"
"2022-02-22T00:00:00.000","2020-06-13T00:00:00.000","10452","86","4","0"
"2022-02-22T00:00:00.000","2021-05-10T00:00:00.000","10452","156","5","0"
"2022-02-22T00:00:00.000","2021-06-16T00:00:00.000","11417","25","0","0"
"2022-02-22T00:00:00.000","2021-12-27T00:00:00.000","11206","144","41","6"
"2022-02-22T00:00:00.000","2022-01-23T00:00:00.000","11360","4","0","0"
"2022-02-22T00:00:00.000","2020-06-02T00:00:00.000","10466","62","0","0"
"2022-02-22T00:00:00.000","2021-06-28T00:00:00.000","10032","100","3","0"
"2022-02-22T00:00:00.000","2020-12-28T00:00:00.000","10282","1","0","0"
"2022-02-22T00:00:00.000","2020-12-24T00:00:00.000","10032","71","8","2"
"2022-02-22T00:00:00.000","2020-08-15T00:00:00.000","11414","10","0","0"
"2022-02-22T00:00:00.000","2021-07-19T00:00:00.000","11420","56","2","0"
"2022-02-22T00:00:00.000","2020-11-14T00:00:00.000","10468","71","2","1"
"2022-02-22T00:00:00.000","2021-05-25T00:00:00.000","10464","6","0","0"
"2022-02-22T00:00:00.000","2020-10-21T00:00:00.000","10029","145","3","0"
"2022-02-22T00:00:00.000","2021-05-29T00:00:00.000","10280","3","0","0"
"2022-02-22T00:00:00.000","2020-05-10T00:00:00.000","10463","33","8","0"
"2022-02-22T00:00:00.000","2021-08-10T00:00:00.000","10462","134","10","2"
"2022-02-22T00:00:00.000","2020-12-09T00:00:00.000","10044","9","2","1"
"2022-02-22T00:00:00.000","2020-05-22T00:00:00.000","11236","62","4","2"
"2022-02-22T00:00:00.000","2020-04-07T00:00:00.000","10022","5","1","0"
"2022-02-22T00:00:00.000","2020-10-27T00:00:00.000","11693","18","0","0"
"2022-02-22T00:00:00.000","2020-08-25T00:00:00.000","10010","17","0","0"
"2022-02-22T00:00:00.000","2020-11-11T00:00:00.000","10303","50","1","1"
"2022-02-22T00:00:00.000","2021-08-11T00:00:00.000","11238","40","1","0"
"2022-02-22T00:00:00.000","2020-11-02T00:00:00.000","11436","15","1","0"
"2022-02-22T00:00:00.000","2022-01-25T00:00:00.000","11368","148","8","4"
"2022-02-22T00:00:00.000","2020-08-21T00:00:00.000","10314","55","1","1"
"2022-02-22T00:00:00.000","2021-06-14T00:00:00.000","11428","13","0","0"
"2022-02-22T00:00:00.000","2021-07-01T00:00:00.000","10030","45","1","0"
"2022-02-22T00:00:00.000","2021-08-22T00:00:00.000","10456","144","2","1"
"2022-02-22T00:00:00.000","2021-08-11T00:00:00.000","11219","73","4","2"
"2022-02-22T00:00:00.000","2021-01-08T00:00:00.000","11239","19","3","1"
"2022-02-22T00:00:00.000","2021-04-19T00:00:00.000","11369","45","4","2"
"2022-02-22T00:00:00.000","2021-03-10T00:00:00.000","11102","45","3","1"
"2022-02-22T00:00:00.000","2022-01-04T00:00:00.000","11218","71","18","5"
"2022-02-22T00:00:00.000","2022-02-03T00:00:00.000","10003","49","2","0"
"2022-02-22T00:00:00.000","2021-09-13T00:00:00.000","10474","21","1","0"
"2022-02-22T00:00:00.000","2021-08-07T00:00:00.000","10458","112","4","0"
"2022-02-22T00:00:00.000","2020-07-18T00:00:00.000","11218","38","2","1"
"2022-02-22T00:00:00.000","2021-11-25T00:00:00.000","10473","61","5","1"
"2022-02-22T00:00:00.000","2020-12-30T00:00:00.000","11361","9","1","0"
"2022-02-22T00:00:00.000","2021-06-19T00:00:00.000","10471","11","0","0"
"2022-02-22T00:00:00.000","2021-05-01T00:00:00.000","10005","4","1","0"
"2022-02-22T00:00:00.000","2020-05-26T00:00:00.000","11218","45","3","2"
"2022-02-22T00:00:00.000","2020-11-26T00:00:00.000","10452","74","1","0"
"2022-02-22T00:00:00.000","2021-09-30T00:00:00.000","11426","12","2","1"
"2022-02-22T00:00:00.000","2021-07-26T00:00:00.000","11427","27","1","0"
"2022-02-22T00:00:00.000","2021-07-03T00:00:00.000","10044","9","1","0"
"2022-02-22T00:00:00.000","2021-11-01T00:00:00.000","10462","137","5","0"
"2022-02-22T00:00:00.000","2022-02-15T00:00:00.000","11232","28","0","0"
"2022-02-22T00:00:00.000","2021-01-18T00:00:00.000","11416","33","6","0"
"2022-02-22T00:00:00.000","2020-12-31T00:00:00.000","11434","68","3","0"
"2022-02-22T00:00:00.000","2020-08-01T00:00:00.000","11231","28","0","0"
"2022-02-22T00:00:00.000","2021-05-08T00:00:00.000","11412","32","1","0"
"2022-02-22T00:00:00.000","2021-01-18T00:00:00.000","11419","50","12","6"
"2022-02-22T00:00:00.000","2021-02-03T00:00:00.000","11356","13","0","0"
"2022-02-22T00:00:00.000","2020-04-22T00:00:00.000","10025","45","7","4"
"2022-02-22T00:00:00.000","2020-07-25T00:00:00.000","10466","57","1","0"
"2022-02-22T00:00:00.000","2020-11-07T00:00:00.000","11374","35","3","0"
"2022-02-22T00:00:00.000","2020-06-26T00:00:00.000","10023","27","0","0"
"2022-02-22T00:00:00.000","2020-12-20T00:00:00.000","11357","16","3","1"
"2022-02-22T00:00:00.000","2021-07-31T00:00:00.000","11203","110","12","1"
"2022-02-22T00:00:00.000","2021-11-23T00:00:00.000","10471","15","0","0"
"2022-02-22T00:00:00.000","2021-07-21T00:00:00.000","10456","207","7","3"
"2022-02-22T00:00:00.000","2020-07-29T00:00:00.000","11421","33","1","1"
"2022-02-22T00:00:00.000","2021-12-31T00:00:00.000","11385","122","39","5"
"2022-02-22T00:00:00.000","2021-04-26T00:00:00.000","11697","3","1","1"
"2022-02-22T00:00:00.000","2020-08-11T00:00:00.000","10016","81","5","2"
"2022-02-22T00:00:00.000","2020-10-26T00:00:00.000","11377","66","4","3"
"2022-02-22T00:00:00.000","2021-01-31T00:00:00.000","10034","34","0","0"
"2022-02-22T00:00:00.000","2021-06-04T00:00:00.000","11213","102","0","0"
"2022-02-22T00:00:00.000","2020-08-11T00:00:00.000","11212","147","0","0"
"2022-02-22T00:00:00.000","2020-08-08T00:00:00.000","10465","28","0","0"
"2022-02-22T00:00:00.000","2021-02-04T00:00:00.000","11691","86","10","6"
"2022-02-22T00:00:00.000","2021-08-15T00:00:00.000","11413","28","2","0"
"2022-02-22T00:00:00.000","2020-10-27T00:00:00.000","11379","12","1","1"
"2022-02-22T00:00:00.000","2021-11-07T00:00:00.000","11421","32","1","0"
"2022-02-22T00:00:00.000","2020-08-24T00:00:00.000","10457","177","3","0"
"2022-02-22T00:00:00.000","2022-02-03T00:00:00.000","10302","26","2","0"
"2022-02-22T00:00:00.000","2021-01-02T00:00:00.000","10002","50","2","0"
"2022-02-22T00:00:00.000","2020-06-26T00:00:00.000","10037","29","0","0"
"2022-02-22T00:00:00.000","2022-02-16T00:00:00.000","10033","66","6","1"
"2022-02-22T00:00:00.000","2021-06-15T00:00:00.000","10075","29","1","0"
"2022-02-22T00:00:00.000","2020-08-11T00:00:00.000","10028","17","1","1"
"2022-02-22T00:00:00.000","2020-11-25T00:00:00.000","10005","8","0","0"
"2022-02-22T00:00:00.000","2021-10-29T00:00:00.000","10454","75","2","0"
"2022-02-22T00:00:00.000","2020-12-04T00:00:00.000","11433","38","1","0"
"2022-02-22T00:00:00.000","2021-08-05T00:00:00.000","10019","43","3","1"
"2022-02-22T00:00:00.000","2021-10-17T00:00:00.000","10128","30","1","0"
"2022-02-22T00:00:00.000","2021-01-26T00:00:00.000","10007","2","1","0"
"2022-02-22T00:00:00.000","2021-07-29T00:00:00.000","10065","25","1","0"
"2022-02-22T00:00:00.000","2020-08-20T00:00:00.000","11102","33","2","2"
"2022-02-22T00:00:00.000","2020-11-10T00:00:00.000","11364","5","1","0"
"2022-02-22T00:00:00.000","2021-02-16T00:00:00.000","10460","102","8","6"
"2022-02-22T00:00:00.000","2021-04-26T00:00:00.000","10014","26","0","0"
"2022-02-22T00:00:00.000","2021-03-03T00:00:00.000","11375","36","5","0"
"2022-02-22T00:00:00.000","2021-10-05T00:00:00.000","11372","69","6","0"
"2022-02-22T00:00:00.000","2022-02-03T00:00:00.000","10309","22","0","0"
"2022-02-22T00:00:00.000","2020-07-14T00:00:00.000","10459","65","1","1"
"2022-02-22T00:00:00.000","2021-05-13T00:00:00.000","10003","34","0","0"
"2022-02-22T00:00:00.000","2021-02-06T00:00:00.000","11224","65","12","1"
"2022-02-22T00:00:00.000","2021-09-15T00:00:00.000","11234","99","14","2"
"2022-02-22T00:00:00.000","2021-11-24T00:00:00.000","11372","63","6","1"
"2022-02-22T00:00:00.000","2020-04-14T00:00:00.000","10040","20","8","2"
"2022-02-22T00:00:00.000","2020-06-22T00:00:00.000","11418","27","2","1"
"2022-02-22T00:00:00.000","2021-03-23T00:00:00.000","11414","11","0","0"
"2022-02-22T00:00:00.000","2021-10-22T00:00:00.000","11361","11","0","0"
"2022-02-22T00:00:00.000","2021-06-02T00:00:00.000","11436","21","1","1"
"2022-02-22T00:00:00.000","2021-12-30T00:00:00.000","11221","133","22","4"
"2022-02-22T00:00:00.000","2021-10-21T00:00:00.000","11378","26","2","1"
"2022-02-22T00:00:00.000","2021-01-26T00:00:00.000","11219","58","1","1"
"2022-02-22T00:00:00.000","2021-10-02T00:00:00.000","11692","32","4","0"
"2022-02-22T00:00:00.000","2021-06-07T00:00:00.000","10004","5","0","0"
"2022-02-22T00:00:00.000","2021-09-24T00:00:00.000","11206","135","9","1"
"2022-02-22T00:00:00.000","2022-01-07T00:00:00.000","11215","32","7","0"
"2022-02-22T00:00:00.000","2021-09-21T00:00:00.000","11232","23","2","0"
"2022-02-22T00:00:00.000","2021-01-13T00:00:00.000","10026","40","1","0"
"2022-02-22T00:00:00.000","2020-07-29T00:00:00.000","10037","40","1","0"
"2022-02-22T00:00:00.000","2021-05-23T00:00:00.000","11691","82","4","0"
"2022-02-22T00:00:00.000","2020-12-06T00:00:00.000","10007","2","1","0"
"2022-02-22T00:00:00.000","2020-04-02T00:00:00.000","10001","33","4","0"
"2022-02-22T00:00:00.000","2021-03-19T00:00:00.000","10002","83","6","5"
"2022-02-22T00:00:00.000","2020-10-23T00:00:00.000","10021","26","0","0"
"2022-02-22T00:00:00.000","2021-07-08T00:00:00.000","10456","196","8","2"
"2022-02-22T00:00:00.000","2020-04-17T00:00:00.000","10460","48","13","5"
"2022-02-22T00:00:00.000","2022-01-15T00:00:00.000","10001","33","4","1"
"2022-02-22T00:00:00.000","2022-02-01T00:00:00.000","10475","36","2","2"
"2022-02-22T00:00:00.000","2021-02-14T00:00:00.000","10468","81","7","3"
"2022-02-22T00:00:00.000","2020-10-25T00:00:00.000","10462","74","2","0"
"2022-02-22T00:00:00.000","2020-12-16T00:00:00.000","11414","10","0","0"
"2022-02-22T00:00:00.000","2021-09-02T00:00:00.000","11217","27","0","0"
"2022-02-22T00:00:00.000","2020-10-01T00:00:00.000","10473","84","6","2"
"2022-02-22T00:00:00.000","2021-08-06T00:00:00.000","11692","29","1","0"
"2022-02-22T00:00:00.000","2020-08-12T00:00:00.000","11103","28","0","0"
"2022-02-22T00:00:00.000","2020-12-03T00:00:00.000","11358","7","0","0"
"2022-02-22T00:00:00.000","2020-07-31T00:00:00.000","11423","20","0","0"
"2022-02-22T00:00:00.000","2020-06-07T00:00:00.000","10033","27","0","0"
"2022-02-22T00:00:00.000","2021-08-14T00:00:00.000","10471","15","0","0"
"2022-02-22T00:00:00.000","2021-06-13T00:00:00.000","11691","94","4","0"
"2022-02-22T00:00:00.000","2021-12-06T00:00:00.000","11364","10","1","0"
"2022-02-22T00:00:00.000","2020-06-03T00:00:00.000","10310","16","0","0"
"2022-02-22T00:00:00.000","2020-10-13T00:00:00.000","11231","28","2","0"
"2022-02-22T00:00:00.000","2021-06-25T00:00:00.000","11354","50","5","3"
"2022-02-22T00:00:00.000","2021-07-27T00:00:00.000","11204","50","4","2"
"2022-02-22T00:00:00.000","2020-04-16T00:00:00.000","11413","14","0","0"
"2022-02-22T00:00:00.000","2020-05-26T00:00:00.000","10024","11","0","0"
"2022-02-22T00:00:00.000","2021-04-18T00:00:00.000","11692","27","1","1"
"2022-02-22T00:00:00.000","2021-01-02T00:00:00.000","10014","28","1","1"
"2022-02-22T00:00:00.000","2021-05-16T00:00:00.000","11213","87","2","1"
"2022-02-22T00:00:00.000","2020-03-24T00:00:00.000","11413","31","5","1"
"2022-02-22T00:00:00.000","2021-05-05T00:00:00.000","11362","7","1","0"
"2022-02-22T00:00:00.000","2020-07-05T00:00:00.000","11364","3","0","0"
"2022-02-22T00:00:00.000","2020-05-07T00:00:00.000","11215","27","0","0"
"2022-02-22T00:00:00.000","2021-08-30T00:00:00.000","10302","30","1","0"
"2022-02-22T00:00:00.000","2021-08-04T00:00:00.000","11229","68","9","3"
"2022-02-22T00:00:00.000","2020-03-28T00:00:00.000","10452","109","31","3"
"2022-02-22T00:00:00.000","2021-06-25T00:00:00.000","11213","98","2","0"
"2022-02-22T00:00:00.000","2021-06-07T00:00:00.000","11366","10","0","0"
"2022-02-22T00:00:00.000","2020-11-14T00:00:00.000","11375","36","3","0"
"2022-02-22T00:00:00.000","2020-12-16T00:00:00.000","10034","28","2","0"
"2022-02-22T00:00:00.000","2021-10-08T00:00:00.000","10010","24","1","0"
"2022-02-22T00:00:00.000","2021-02-07T00:00:00.000","10021","27","1","0"
"2022-02-22T00:00:00.000","2021-03-24T00:00:00.000","10027","88","6","1"
"2022-02-22T00:00:00.000","2021-07-24T00:00:00.000","10472","92","3","0"
"2022-02-22T00:00:00.000","2021-05-13T00:00:00.000","11229","63","3","2"
"2022-02-22T00:00:00.000","2021-09-13T00:00:00.000","10458","155","5","0"
"2022-02-22T00:00:00.000","2021-01-12T00:00:00.000","11357","11","3","2"
"2022-02-22T00:00:00.000","2021-12-11T00:00:00.000","11226","113","9","2"
"2022-02-22T00:00:00.000","2020-03-03T00:00:00.000","10451","122","9","5"
"2022-02-22T00:00:00.000","2021-11-24T00:00:00.000","11373","127","10","2"
"2022-02-22T00:00:00.000","2021-12-01T00:00:00.000","10028","29","3","1"
"2022-02-22T00:00:00.000","2020-04-29T00:00:00.000","11358","10","4","2"
"2022-02-22T00:00:00.000","2020-06-01T00:00:00.000","11211","30","2","1"
"2022-02-22T00:00:00.000","2021-03-01T00:00:00.000","11225","59","3","2"
"2022-02-22T00:00:00.000","2021-09-23T00:00:00.000","11223","70","13","1"
"2022-02-22T00:00:00.000","2020-10-03T00:00:00.000","11423","34","1","0"
"2022-02-22T00:00:00.000","2021-12-28T00:00:00.000","10455","133","31","2"
"2022-02-22T00:00:00.000","2021-03-20T00:00:00.000","11210","40","5","2"
"2022-02-22T00:00:00.000","2020-03-15T00:00:00.000","11414","12","3","1"
"2022-02-22T00:00:00.000","2021-02-05T00:00:00.000","11230","81","9","5"
"2022-02-22T00:00:00.000","2020-05-11T00:00:00.000","10466","57","4","1"
"2022-02-22T00:00:00.000","2021-09-02T00:00:00.000","10308","28","2","0"
"2022-02-22T00:00:00.000","2021-05-22T00:00:00.000","11432","66","4","0"
"2022-02-22T00:00:00.000","2021-05-20T00:00:00.000","11691","94","2","0"
"2022-02-22T00:00:00.000","2021-03-04T00:00:00.000","11416","24","0","0"
"2022-02-22T00:00:00.000","2020-03-11T00:00:00.000","11203","151","11","0"
"2022-02-22T00:00:00.000","2021-04-03T00:00:00.000","11434","51","5","2"
"2022-02-22T00:00:00.000","2021-05-27T00:00:00.000","10474","18","0","0"
"2022-02-22T00:00:00.000","2021-08-30T00:00:00.000","11412","44","0","0"
"2022-02-22T00:00:00.000","2022-01-28T00:00:00.000","11357","13","1","1"
"2022-02-22T00:00:00.000","2021-02-08T00:00:00.000","11220","90","6","4"
"2022-02-22T00:00:00.000","2021-05-19T00:00:00.000","10039","52","0","0"
"2022-02-22T00:00:00.000","2022-01-04T00:00:00.000","10026","84","14","5"
"2022-02-22T00:00:00.000","2021-06-01T00:00:00.000","11218","59","2","0"
"2022-02-22T00:00:00.000","2020-09-05T00:00:00.000","10001","36","0","0"
"2022-02-22T00:00:00.000","2021-02-05T00:00:00.000","11377","74","11","4"
"2022-02-22T00:00:00.000","2022-02-11T00:00:00.000","11201","54","1","0"
"2022-02-22T00:00:00.000","2021-10-14T00:00:00.000","11365","30","4","0"
"2022-02-22T00:00:00.000","2021-08-08T00:00:00.000","11373","84","4","2"
"2022-02-22T00:00:00.000","2021-04-10T00:00:00.000","10065","14","1","1"
"2022-02-22T00:00:00.000","2020-11-14T00:00:00.000","11104","15","1","0"
"2022-02-22T00:00:00.000","2021-10-10T00:00:00.000","11419","53","5","1"
"2022-02-22T00:00:00.000","2021-12-15T00:00:00.000","11694","17","1","0"
"2022-02-22T00:00:00.000","2020-09-09T00:00:00.000","10457","148","2","0"
"2022-02-22T00:00:00.000","2020-03-02T00:00:00.000","11209","77","1","0"
"2022-02-22T00:00:00.000","2021-04-01T00:00:00.000","11362","2","0","0"
"2022-02-22T00:00:00.000","2021-12-11T00:00:00.000","10021","32","1","0"
"2022-02-22T00:00:00.000","2021-05-11T00:00:00.000","11418","36","4","2"
"2022-02-22T00:00:00.000","2020-11-27T00:00:00.000","10034","36","4","2"
"2022-02-22T00:00:00.000","2022-01-26T00:00:00.000","11691","80","9","3"
"2022-02-22T00:00:00.000","2020-12-01T00:00:00.000","10460","97","3","0"
"2022-02-22T00:00:00.000","2021-11-16T00:00:00.000","10454","93","6","0"
"2022-02-22T00:00:00.000","2020-12-09T00:00:00.000","11366","7","0","0"
"2022-02-22T00:00:00.000","2021-07-12T00:00:00.000","11365","28","2","0"
"2022-02-22T00:00:00.000","2020-06-02T00:00:00.000","10033","44","0","0"
"2022-02-22T00:00:00.000","2020-08-10T00:00:00.000","11416","17","0","0"
"2022-02-22T00:00:00.000","2020-08-08T00:00:00.000","10306","44","2","0"
"2022-02-22T00:00:00.000","2020-09-08T00:00:00.000","11211","58","1","1"
"2022-02-22T00:00:00.000","2021-10-14T00:00:00.000","11225","71","4","1"
"2022-02-22T00:00:00.000","2020-08-17T00:00:00.000","10007","2","0","0"
"2022-02-22T00:00:00.000","2021-09-08T00:00:00.000","11427","24","0","0"
"2022-02-22T00:00:00.000","2020-07-08T00:00:00.000","11374","24","1","1"
"2022-02-22T00:00:00.000","2020-06-05T00:00:00.000","10037","32","2","2"
"2022-02-22T00:00:00.000","2020-12-01T00:00:00.000","11215","30","2","1"
"2022-02-22T00:00:00.000","2021-11-02T00:00:00.000","11214","80","0","0"
"2022-02-22T00:00:00.000","2021-11-02T00:00:00.000","11233","125","8","3"
"2022-02-22T00:00:00.000","2020-09-03T00:00:00.000","11215","31","1","0"
"2022-02-22T00:00:00.000","2020-09-17T00:00:00.000","11231","31","0","0"
"2022-02-22T00:00:00.000","2021-01-16T00:00:00.000","11239","17","3","1"
"2022-02-22T00:00:00.000","2021-03-01T00:00:00.000","10040","49","7","2"
"2022-02-22T00:00:00.000","2020-06-23T00:00:00.000","10016","71","1","0"
"2022-02-22T00:00:00.000","2021-01-20T00:00:00.000","10075","41","2","1"
"2022-02-22T00:00:00.000","2021-05-10T00:00:00.000","10010","14","0","0"
"2022-02-22T00:00:00.000","2022-02-13T00:00:00.000","11411","18","1","0"
"2022-02-22T00:00:00.000","2021-09-28T00:00:00.000","10464","5","0","0"
"2022-02-22T00:00:00.000","2020-12-26T00:00:00.000","11236","92","8","3"
"2022-02-22T00:00:00.000","2021-01-24T00:00:00.000","11693","8","3","1"
"2022-02-22T00:00:00.000","2020-05-05T00:00:00.000","10007","1","0","0"
"2022-02-22T00:00:00.000","2020-12-03T00:00:00.000","10459","76","4","1"
"2022-02-22T00:00:00.000","2022-01-25T00:00:00.000","11370","34","4","1"
"2022-02-22T00:00:00.000","2020-04-17T00:00:00.000","11236","53","17","8"
"2022-02-22T00:00:00.000","2021-10-24T00:00:00.000","11354","39","4","2"
"2022-02-22T00:00:00.000","2021-04-20T00:00:00.000","10009","56","1","0"
"2022-02-22T00:00:00.000","2021-01-29T00:00:00.000","11378","18","3","2"
"2022-02-22T00:00:00.000","2022-01-23T00:00:00.000","10458","130","9","5"
"2022-02-22T00:00:00.000","2020-06-11T00:00:00.000","11234","53","1","1"
"2022-02-22T00:00:00.000","2021-12-24T00:00:00.000","11373","105","23","2"
"2022-02-22T00:00:00.000","2021-06-10T00:00:00.000","10468","106","4","1"
"2022-02-22T00:00:00.000","2021-08-15T00:00:00.000","10010","12","0","0"
"2022-02-22T00:00:00.000","2020-12-31T00:00:00.000","10309","31","7","3"
"2022-02-22T00:00:00.000","2021-09-30T00:00:00.000","10002","94","5","3"
"2022-02-22T00:00:00.000","2020-05-31T00:00:00.000","11201","42","1","0"
"2022-02-22T00:00:00.000","2021-12-17T00:00:00.000","10458","147","18","0"
"2022-02-22T00:00:00.000","2020-07-30T00:00:00.000","11354","31","1","1"
"2022-02-22T00:00:00.000","2020-07-13T00:00:00.000","11109","1","0","0"
"2022-02-22T00:00:00.000","2021-11-02T00:00:00.000","11221","106","3","2"
"2022-02-22T00:00:00.000","2021-09-29T00:00:00.000","11432","99","6","0"
"2022-02-22T00:00:00.000","2020-03-11T00:00:00.000","11232","34","4","0"
"2022-02-22T00:00:00.000","2021-07-21T00:00:00.000","10312","53","2","1"
"2022-02-22T00:00:00.000","2021-11-10T00:00:00.000","10029","167","4","0"
"2022-02-22T00:00:00.000","2021-02-18T00:00:00.000","11228","22","2","1"
"2022-02-22T00:00:00.000","2021-07-28T00:00:00.000","10021","19","0","0"
"2022-02-22T00:00:00.000","2021-11-07T00:00:00.000","10028","32","4","0"
"2022-02-22T00:00:00.000","2020-12-18T00:00:00.000","11429","41","1","1"
"2022-02-22T00:00:00.000","2020-07-02T00:00:00.000","11356","14","1","0"
"2022-02-22T00:00:00.000","2021-08-25T00:00:00.000","10018","5","0","0"
"2022-02-22T00:00:00.000","2020-11-29T00:00:00.000","10469","64","4","1"
"2022-02-22T00:00:00.000","2020-11-02T00:00:00.000","11219","51","3","3"
"2022-02-22T00:00:00.000","2021-11-15T00:00:00.000","10030","67","8","1"
"2022-02-22T00:00:00.000","2020-06-23T00:00:00.000","11428","18","0","0"
"2022-02-22T00:00:00.000","2021-10-20T00:00:00.000","11377","85","6","2"
"2022-02-22T00:00:00.000","2021-11-28T00:00:00.000","11104","6","1","0"
"2022-02-22T00:00:00.000","2020-10-02T00:00:00.000","10459","73","2","1"
"2022-02-22T00:00:00.000","2021-06-01T00:00:00.000","10036","27","2","1"
"2022-02-22T00:00:00.000","2021-07-23T00:00:00.000","10454","68","5","0"
"2022-02-22T00:00:00.000","2021-04-08T00:00:00.000","11693","11","0","0"
"2022-02-22T00:00:00.000","2020-07-02T00:00:00.000","11420","39","1","0"
"2022-02-22T00:00:00.000","2022-02-07T00:00:00.000","11204","52","4","1"
"2022-02-22T00:00:00.000","2020-04-26T00:00:00.000","10304","21","3","1"
"2022-02-22T00:00:00.000","2021-02-09T00:00:00.000","11214","53","8","4"
"2022-02-22T00:00:00.000","2021-09-24T00:00:00.000","10018","8","0","0"
"2022-02-22T00:00:00.000","2020-08-04T00:00:00.000","11203","100","0","0"
"2022-02-22T00:00:00.000","2021-04-21T00:00:00.000","11385","89","3","0"
"2022-02-22T00:00:00.000","2021-01-31T00:00:00.000","10458","94","6","1"
"2022-02-22T00:00:00.000","2021-05-13T00:00:00.000","11379","25","2","1"
"2022-02-22T00:00:00.000","2021-09-03T00:00:00.000","11432","79","0","0"
"2022-02-22T00:00:00.000","2020-10-07T00:00:00.000","11354","36","4","3"
"2022-02-22T00:00:00.000","2021-02-05T00:00:00.000","11361","12","3","2"
"2022-02-22T00:00:00.000","2021-04-26T00:00:00.000","11427","31","3","0"
"2022-02-22T00:00:00.000","2021-07-01T00:00:00.000","10128","35","0","0"
"2022-02-22T00:00:00.000","2021-05-06T00:00:00.000","10473","81","5","1"
"2022-02-22T00:00:00.000","2021-08-26T00:00:00.000","11355","52","7","4"
"2022-02-22T00:00:00.000","2021-02-28T00:00:00.000","10007","2","0","0"
"2022-02-22T00:00:00.000","2020-04-08T00:00:00.000","11233","67","12","6"
"2022-02-22T00:00:00.000","2020-11-25T00:00:00.000","10470","9","2","1"
"2022-02-22T00:00:00.000","2020-05-22T00:00:00.000","11415","4","0","0"
"2022-02-22T00:00:00.000","2020-04-30T00:00:00.000","10009","24","2","2"
"2022-02-22T00:00:00.000","2020-06-22T00:00:00.000","10037","30","1","1"
"2022-02-22T00:00:00.000","2021-07-15T00:00:00.000","11208","125","5","0"
"2022-02-22T00:00:00.000","2022-01-22T00:00:00.000","10004","1","0","0"
"2022-02-22T00:00:00.000","2021-08-03T00:00:00.000","11416","24","2","2"
"2022-02-22T00:00:00.000","2020-09-30T00:00:00.000","11375","30","0","0"
"2022-02-22T00:00:00.000","2022-01-12T00:00:00.000","11236","116","15","4"
"2022-02-22T00:00:00.000","2021-03-25T00:00:00.000","10461","69","6","1"
"2022-02-22T00:00:00.000","2020-03-13T00:00:00.000","11354","40","9","3"
"2022-02-22T00:00:00.000","2021-05-12T00:00:00.000","11362","2","0","0"
"2022-02-22T00:00:00.000","2021-01-18T00:00:00.000","11104","17","0","0"
"2022-02-22T00:00:00.000","2022-01-21T00:00:00.000","10007","3","0","0"
"2022-02-22T00:00:00.000","2020-07-17T00:00:00.000","10035","71","1","0"
"2022-02-22T00:00:00.000","2020-09-09T00:00:00.000","10308","22","2","0"
"2022-02-22T00:00:00.000","2020-10-05T00:00:00.000","11433","47","0","0"
"2022-02-22T00:00:00.000","2021-11-15T00:00:00.000","11693","11","1","0"
"2022-02-22T00:00:00.000","2021-07-06T00:00:00.000","11233","129","7","1"
